                    Experiment No: 1.4 ACCESSING DATABASE:  (SELECT, Filtering using WHERE, HAVING,  ORDER BY Clauses                                         



1.  List all customer details.

mysql> select * from Customer;
+-----+--------+-----------+-----------+------------+
| id  | name   | address   | city      | ph_no      |
+-----+--------+-----------+-----------+------------+
| 102 | aleena | cheruthod | mukkam    | 9898765678 |
| 103 | ramsi  | chelavoor | karanthur | 9879876543 |
| 105 | aleefa | cmr       | kozhikode | 8769543899 |
| 106 | basith | feroke    | kozhikode | 8593922345 |
+-----+--------+-----------+-----------+------------+
4 rows in set (0.00 sec)

***********************************************************************************************************************************************************

2.  List pname, price of all products

mysql> select pid,pname from Product;
+-----+-----------+
| pid | pname     |
+-----+-----------+
|   1 | book      |
|   2 | box       |
|   3 | soap      |
|   4 | cream     |
|   5 | pen       |
|   6 | chocolate |
|   7 | maggie    |
+-----+-----------+
7 rows in set (0.00 sec)


***********************************************************************************************************************************************************
3.List all invoice items, avoid duplicates


mysql> select distinct inv_id from invoice_item;
+--------+
| inv_id |
+--------+
|     10 |
+--------+
1 row in set (0.03 sec)


************************************************************************************************************************************************************
4. List product price between 50rs and 150rs

mysql> select * from Product where price between 50 and 150;
+-----+-----------+-------+
| pid | pname     | price |
+-----+-----------+-------+
|   2 | box       |    61 |
|   3 | soap      |   102 |
|   6 | chocolate |   102 |
|   7 | maggie    |    77 |
+-----+-----------+-------+
4 rows in set (0.00 sec)

*********************************************************************************************************************************************************
5. List the customer details who lives in ‘mukkam’,’tkozhikode’. 

mysql> select * from Customer where city="mukkam" or city="kozhikode";
+-----+--------+-----------+-----------+------------+
| id  | name   | address   | city      | ph_no      |
+-----+--------+-----------+-----------+------------+
| 102 | aleena | cheruthod | mukkam    | 9898765678 |
| 105 | aleefa | cmr       | kozhikode | 8769543899 |
| 106 | basith | feroke    | kozhikode | 8593922345 |
+-----+--------+-----------+-----------+------------+
3 rows in set (0.01 sec)

*********************************************************************************************************************************************************

6.List the invoice details from 1st January 2023 to 15th February 2023


mysql> select * from invoice_master;
+--------+------+------------+
| inv_id | id   | inv_date   |
+--------+------+------------+
|     10 |  102 | 2023-10-12 |
|     13 |  105 | 2023-10-14 |
|     16 |  105 | 2023-10-14 |
+--------+------+------------+
3 rows in set (0.00 sec)



mysql> select * from invoice_master where inv_date between '2023-09-10' and '2023-10-13';
+--------+------+------------+
| inv_id | id   | inv_date   |
+--------+------+------------+
|     10 |  102 | 2023-10-12 |
+--------+------+------------+
1 row in set (0.00 sec)

*********************************************************************************************************************************************************

7.  List the customer details who not live in ‘mukkam’

mysql> select * from Customer where city!="mukkam";
+-----+--------+-----------+-----------+------------+
| id  | name   | address   | city      | ph_no      |
+-----+--------+-----------+-----------+------------+
| 103 | ramsi  | chelavoor | karanthur | 9879876543 |
| 105 | aleefa | cmr       | kozhikode | 8769543899 |
| 106 | basith | feroke    | kozhikode | 8593922345 |
+-----+--------+-----------+-----------+------------+
3 rows in set (0.00 sec)

********************************************************************************************************************************************************

8.  List the customers who have no phone number

mysql> select * from Customer;
+-----+---------+-----------+-----------+------------+
| id  | name    | address   | city      | ph_no      |
+-----+---------+-----------+-----------+------------+
| 102 | aleena  | cheruthod | mukkam    | 9898765678 |
| 103 | ramsi   | chelavoor | karanthur | 9879876543 |
| 105 | aleefa  | cmr       | kozhikode | 8769543899 |
| 106 | basith  | feroke    | kozhikode | 8593922345 |
| 107 | nileena | irutti    | kannur    | NULL       |
+-----+---------+-----------+-----------+------------+
5 rows in set (0.00 sec)

mysql> select * from Customer where ph_no is null;
+-----+---------+---------+--------+-------+
| id  | name    | address | city   | ph_no |
+-----+---------+---------+--------+-------+
| 107 | nileena | irutti  | kannur | NULL  |
+-----+---------+---------+--------+-------+
1 row in set (0.00 sec)

********************************************************************************************************************************************************
9.Display customer names in descending order.

mysql> select name from Customer order by name desc;
+---------+
| name    |
+---------+
| ramsi   |
| nileena |
| basith  |
| aleena  |
| aleefa  |
+---------+
5 rows in set (0.00 sec)


********************************************************************************************************************************************************

10.Display the customer details sorted in ascending by city and descending by names.


mysql> select * from Customer order by city asc,name desc;
+-----+---------+-----------+-----------+------------+
| id  | name    | address   | city      | ph_no      |
+-----+---------+-----------+-----------+------------+
| 107 | nileena | irutti    | kannur    | NULL       |
| 103 | ramsi   | chelavoor | karanthur | 9879876543 |
| 106 | basith  | feroke    | kozhikode | 8593922345 |
| 105 | aleefa  | cmr       | kozhikode | 8769543899 |
| 102 | aleena  | cheruthod | mukkam    | 9898765678 |
+-----+---------+-----------+-----------+------------+
5 rows in set (0.00 sec)


********************************************************************************************************************************************************
11. Find the customer names start with ‘A’

mysql> select name from Customer where name like 'a%';
+--------+
| name   |
+--------+
| aleena |
| aleefa |
+--------+
2 rows in set (0.00 sec)

*******************************************************************************************************************************************************
12.. Find the customer names who have ‘i’ or ‘f’ in them. 

mysql> select name from Customer where name like '%i%' or name like '%f%';
+---------+
| name    |
+---------+
| ramsi   |
| aleefa  |
| basith  |
| nileena |
+---------+
4 rows in set (0.00 sec)

********************************************************************************************************************************************************
13.Find the customer names who have at least 3 characters

mysql> select name from Customer where name like '___%';
+---------+
| name    |
+---------+
| aleena  |
| ramsi   |
| aleefa  |
| basith  |
| nileena |
+---------+
5 rows in set (0.00 sec)

*******************************************************************************************************************************************************
14.. List the names of customers their names have ‘l’ in second position.


mysql> select name from Customer where name like '_l%';
+--------+
| name   |
+--------+
| aleena |
| aleefa |
+--------+
2 rows in set (0.00 sec)


*******************************************************************************************************************************************************
15.Find the customer names start with ‘a’ and are at least 3 characters in length


mysql> select name from Customer where name like 'a___%';
+--------+
| name   |
+--------+
| aleena |
| aleefa |
+--------+
2 rows in set (0.00 sec)



*******************************************************************************************************************************************************

//VERIFIED
