                                           1.5  ACCESSING DATABASE: (SUBQUERY)
                                           -----------------------------------
 
 
 
 mysql> select * from Customer;
+-----+---------+-----------+-----------+------------+
| id  | name    | address   | city      | ph_no      |
+-----+---------+-----------+-----------+------------+
| 102 | aleena  | cheruthod | mukkam    | 9898765678 |
| 103 | ramsi   | chelavoor | karanthur | 9879876543 |
| 105 | aleefa  | cmr       | kozhikode | 8769543899 |
| 106 | basith  | feroke    | kozhikode | 8593922345 |
| 107 | nileena | irutti    | kannur    | NULL       |
+-----+---------+-----------+-----------+------------+
5 rows in set (0.00 sec)

mysql> mysql> * from Product;
+-----+-----------+-------+
| pid | pname     | price |
+-----+-----------+-------+
|   1 | book      |    46 |
|   2 | box       |    61 |
|   3 | soap      |   102 |
|   4 | cream     |   388 |
|   5 | pen       |    10 |
|   6 | chocolate |   102 |
|   7 | maggie    |    77 |
+-----+-----------+-------+
7 rows in set (0.00 sec)

mysql> select * from invoice_master;
+--------+------+------------+
| inv_id | id   | inv_date   |
+--------+------+------------+
|     10 |  102 | 2023-10-12 |
|     11 |  105 | 2023-10-13 |
|     13 |  105 | 2023-10-14 |
|     15 |  106 | 2023-10-16 |
|     16 |  105 | 2023-10-14 |
|     17 |  102 | 2023-10-19 |
+--------+------+------------+
6 rows in set (0.00 sec)

mysql> select * from invoice_item;
+--------+------+----------+
| inv_id | pid  | quantity |
+--------+------+----------+
|     10 |    1 |        7 |
|     16 |    4 |       10 |
|     17 |    6 |       15 |
|     15 |    7 |        7 |
|     15 |    1 |        9 |
|     17 |    2 |        4 |
+--------+------+----------+
6 rows in set (0.00 sec)
----------------------------------------------------------------------------------------------------------------------------------------------------
 
1.List the customer names of invoice date 3rd February 2023                                           
  
  

mysql> select name  from Customer where id in(select id from invoice_master where inv_date="2023-10-12");
+--------+
| name   |
+--------+
| aleena |
+--------+
1 row in set (0.00 sec)

-------------------------------------------------------------------------------------------------------------------------------------------------------

2.List the product name and price of each invoice item

mysql> select pname,price from  Product where pid in(select pid from invoice_item);
+-----------+-------+
| pname     | price |
+-----------+-------+
| book      |    46 |
| box       |    61 |
| cream     |   388 |
| chocolate |   102 |
| maggie    |    77 |
+-----------+-------+
5 rows in set (0.00 sec)
-------------------------------------------------------------------------------------------------------------------------------------------------------

3.   List the product names, only include their purchased quantity more than 3.

mysql> select pname from  Product where pid in(select pid from invoice_item where quantity>2);
+-----------+
| pname     |
+-----------+
| book      |
| cream     |
| chocolate |
| maggie    |
| box       |
+-----------+
5 rows in set (0.00 sec)

-----------------------------------------------------------------------------------------------------------------------------------------------------
4.Find the product that has no sale. 

mysql> select * from Product where pid not in(select pid from invoice_item);
+-----+-------+-------+
| pid | pname | price |
+-----+-------+-------+
|   3 | soap  |   102 |
|   5 | pen   |    10 |
+-----+-------+-------+
2 rows in set (0.00 sec)

--------------------------------------------------------------------------------------------------------------------------------------------------
5.  List the customer names who purchased the items ‘cream’ and ‘book'

mysql> select name from Customer where id in (select id from invoice_master wher
e inv_id in (select inv_id from invoice_item where pid in (select pid from Produ
ct where pname="cream" or pname="book")));
+--------+
| name   |
+--------+
| aleena |
| aleefa |
| basith |
+--------+
3 rows in set (0.00 sec)

-----------------------------------------------------------------------------------------------------------------------------------------------------
6.Display the purchased product details of the customer ’basith’.


mysql> select * from Product where pid in (select pid from invoice_item where inv_id in(select inv_id from invoice_master where id in (select id from Customer where name="basith")));
+-----+--------+-------+
| pid | pname  | price |
+-----+--------+-------+
|   7 | maggie |    77 |
|   1 | book   |    46 |
+-----+--------+-------+
2 rows in set (0.00 sec)

------------------------------------------------------------------------------------------------------------------------------------------------
7.List the names of all customers who have purchased at least 1 products, make sure that no duplicate names in the result.

mysql> select distinct name from Customer where id in (select id from invoice_master where inv_id in (select inv_id from invoice_item group by inv_id having count(*)>1));  //WRONG QUERY
+--------+
| name   |
+--------+
| aleena |
| basith |
+--------+
2 rows in set (0.00 sec)

//WRONG QUERY, RESUBMIT
