                                       EXPERIMENT NO: 1.6 ACCESSING DATABASES: (VIEWS)
                                       ***********************************************
                                       
                                       
                                       
   1.Create a view for customers who have purchased products.
   
   mysql> create view customer1 as select * from Customer where id in (select id from invoice_master);
Query OK, 0 rows affected (0.04 sec)

mysql> select * from customer1;
+-----+--------+-----------+-----------+------------+
| id  | name   | address   | city      | ph_no      |
+-----+--------+-----------+-----------+------------+
| 102 | aleena | cheruthod | mukkam    | 9898765678 |
| 105 | aleefa | cmr       | kozhikode | 8769543899 |
| 106 | basith | feroke    | kozhikode | 8593922345 |
+-----+--------+-----------+-----------+------------+
3 rows in set (0.00 sec)


   
   
   
   -----------------------------------------------------------------------------------------------------------------------------------------------------
                                       
   2.Create a view for invoice products[cust_name, , inv_id, product_id, quantity]              
   
   
   mysql> create view invoice_product as select Customer.name,invoice_master.inv_id,Product.pid,invoice_item.quantity from Customer inner join invoice_master on Customer.id=invoice_master.id inner join invoice_item on invoice_master.inv_id=invoice_item.inv_id inner join Product on Product.pid=invoice_item.pid;
Query OK, 0 rows affected (0.04 sec)

mysql> select * from invoice_product;
+--------+--------+-----+----------+
| name   | inv_id | pid | quantity |
+--------+--------+-----+----------+
| aleena |     10 |   1 |        7 |
| aleefa |     16 |   4 |       10 |
| aleena |     17 |   6 |       15 |
| basith |     15 |   7 |        7 |
| basith |     15 |   1 |        9 |
| aleena |     17 |   2 |        4 |
+--------+--------+-----+----------+
6 rows in set (0.02 sec)



