
                                 OPTIMIZING DATABASE: (Using Set, arithmetic, logical and special operators)
                                 ***************************************************************************






   
mysql> SELECT * FROM Customer;
+-----+---------+-----------+-----------+------------+
| id  | name    | address   | city      | ph_no      |
+-----+---------+-----------+-----------+------------+
| 102 | aleena  | cheruthod | mukkam    | 9898765678 |
| 103 | ramsi   | chelavoor | karanthur | 9879876543 |
| 105 | aleefa  | cmr       | kozhikode | 8769543899 |
| 106 | basith  | feroke    | kozhikode | 8593922345 |
| 107 | nileena | irutti    | kannur    | NULL       |
| 108 | simi    | pulinjod  | kozhikode | 7895897568 |
+-----+---------+-----------+-----------+------------+
6 rows in set (0.00 sec)

mysql> SELECT * FROM Product;
+-----+-----------+-------+
| pid | pname     | price |
+-----+-----------+-------+
|   1 | book      |    46 |
|   2 | box       |    61 |
|   3 | soap      |   102 |
|   4 | cream     |   388 |
|   5 | pen       |    10 |
|   6 | chocolate |   102 |
|   7 | maggie    |    77 |
+-----+-----------+-------+
7 rows in set (0.00 sec)

mysql> SELECT * FROM invoice_master;
+--------+------+------------+
| inv_id | id   | inv_date   |
+--------+------+------------+
|     10 |  102 | 2023-10-12 |
|     11 |  105 | 2023-10-13 |
|     13 |  105 | 2023-10-14 |
|     15 |  106 | 2023-10-16 |
|     16 |  105 | 2023-10-14 |
|     17 |  102 | 2023-10-19 |
+--------+------+------------+
6 rows in set (0.00 sec)

mysql> SELECT * FROM invoice_item;
+--------+------+----------+
| inv_id | pid  | quantity |
+--------+------+----------+
|     10 |    1 |        7 |
|     16 |    4 |       10 |
|     17 |    6 |       15 |
|     15 |    7 |        7 |
|     15 |    1 |        9 |
|     17 |    2 |        4 |
|     15 |    1 |        4 |
|     17 |    7 |        5 |
+--------+------+----------+
8 rows in set (0.00 sec)


1.Display customer_id, city  who lives either in ‘kozhikode’ or in ‘mukkam’


mysql> select id,city from Customer where city="kozhikode" or city="mukkam";
+-----+-----------+
| id  | city      |
+-----+-----------+
| 102 | mukkam    |
| 105 | kozhikode |
| 106 | kozhikode |
| 108 | kozhikode |
+-----+-----------+
4 rows in set (0.00 sec)

------------------------------------------------------------------------------------------------------------------------------------------------------
2. Display product details with an updated price amount(new price= old price+5rs)

mysql> update Product set price=price+5;
Query OK, 7 rows affected (0.06 sec)
Rows matched: 7  Changed: 7  Warnings: 0

mysql> select * from Product;
+-----+-----------+-------+
| pid | pname     | price |
+-----+-----------+-------+
|   1 | book      |    51 |
|   2 | box       |    66 |
|   3 | soap      |   107 |
|   4 | cream     |   393 |
|   5 | pen       |    15 |
|   6 | chocolate |   107 |
|   7 | maggie    |    82 |
+-----+-----------+-------+
7 rows in set (0.00 sec)

----------------------------------------------------------------------------------------------------------------------------------------------------
3.Display customer details who doesn’t have phone number and lives in ‘kannur’ city (use logical operators)

mysql> select * from Customer where ph_no is null and city="kannur";
+-----+---------+---------+--------+-------+
| id  | name    | address | city   | ph_no |
+-----+---------+---------+--------+-------+
| 107 | nileena | irutti  | kannur | NULL  |
+-----+---------+---------+--------+-------+
1 row in set (0.00 sec)
-----------------------------------------------------------------------------------------------------------------------------------------------------
4.List the product names if it finds any records in the invoice items table has quantity =4 (use special operators)

mysql>  select pname from Product where pid in(select pid from invoice_item where quantity=4);
+-------+
| pname |
+-------+
| box   |
| book  |
+-------+
2 rows in set (0.00 sec)

