                                    EXPERIMENT NO: 2.3 - PL/SQL PROGRAMS â€“ TRIGGER
                                    **********************************************
                                    
                                    
                                    
                                    
1. Create a trigger to handle updates to the customer table.    
 
 mysql> DELIMITER //
mysql> create table customer__1(id int,name varchar(15),address varchar(15),city varchar(25),phno bigint); //
Query OK, 0 rows affected (0.23 sec)

mysql> create trigger updaterS
    ->  before update
    -> on Customer for each row
    -> begin
    -> insert into customer__1
    -> values(old.id,old.name,old.address,old.city,old.ph_no);
    -> end //
Query OK, 0 rows affected (0.07 sec)

mysql> select * from Customer; //
+-----+---------+-----------+-----------+------------+
| id  | name    | address   | city      | ph_no      |
+-----+---------+-----------+-----------+------------+
| 102 | aleena  | cheruthod | mukkam    | 9898765678 |
| 103 | ramsi   | chelavoor | karanthur | 9879876543 |
| 105 | aleefa  | cmr       | kozhikode | 8769543899 |
| 106 | basith  | feroke    | kozhikode | 8593922345 |
| 107 | nileena | irutti    | kannur    | NULL       |
| 108 | simi    | pulinjod  | kozhikode | 7895897568 |
+-----+---------+-----------+-----------+------------+
6 rows in set (0.00 sec)

mysql> update Customer set city='malappuram' where id=102; //
Query OK, 1 row affected (0.07 sec)
Rows matched: 1  Changed: 1  Warnings: 0

mysql> select * from customer__1; //
+------+--------+-----------+--------+------------+
| id   | name   | address   | city   | phno       |
+------+--------+-----------+--------+------------+
|  102 | aleena | cheruthod | mukkam | 9898765678 |
+------+--------+-----------+--------+------------+
1 row in set (0.00 sec)

mysql> select * from Customer; //
+-----+---------+-----------+------------+------------+
| id  | name    | address   | city       | ph_no      |
+-----+---------+-----------+------------+------------+
| 102 | aleena  | cheruthod | malappuram | 9898765678 |
| 103 | ramsi   | chelavoor | karanthur  | 9879876543 |
| 105 | aleefa  | cmr       | kozhikode  | 8769543899 |
| 106 | basith  | feroke    | kozhikode  | 8593922345 |
| 107 | nileena | irutti    | kannur     | NULL       |
| 108 | simi    | pulinjod  | kozhikode  | 7895897568 |
+-----+---------+-----------+------------+------------+
6 rows in set (0.00 sec)


                                                               *******************************************************************************************************************************************
                                                               

2. Create a trigger to handle inserts to the product relation ( if price < 5 the set price to 10).


mysql> create trigger product_price
    -> before insert
    -> on Product
    -> for each row
    -> begin
    -> if new.price < 5 then
    -> set new.price=10;
    -> end if;
    -> end //
Query OK, 0 rows affected (0.06 sec)

mysql> insert into Product values(21,'chart',3);
    -> //
Query OK, 1 row affected (0.03 sec)

mysql> select * from Product; //
+-----+-----------+-------+
| pid | pname     | price |
+-----+-----------+-------+
|   1 | book      |    51 |
|   2 | box       |    66 |
|   3 | soap      |   107 |
|   4 | cream     |   393 |
|   5 | pen       |    15 |
|   6 | chocolate |   107 |
|   7 | maggie    |    82 |
|  21 | chart     |    10 |
+-----+-----------+-------+
8 rows in set (0.00 sec)


                                   
