                                            1.2 DML COMMANDS 
                                            ****************
a) DML COMMANDS-INSERT
1.Insert values in EMPLOYEE table.
        
mysql> insert into EMPLOYEE VALUES(1,'MARIA','KOCHI',1992,12347),(2,'ADAM','MUMBAI',1995,12456),(3,'ROSLIN','BANGLORE',1999,45678);
Query OK, 3 rows affected (0.03 sec)
Records: 3  Duplicates: 0  Warnings: 0

mysql> select * from EMPLOYEE;
+------+--------+----------+------+----------+
| SSN  | name   | city     | dob  | adhar_no |
+------+--------+----------+------+----------+
|    1 | MARIA  | KOCHI    | 1992 |    12347 |
|    2 | ADAM   | MUMBAI   | 1995 |    12456 |
|    3 | ROSLIN | BANGLORE | 1999 |    45678 |
+------+--------+----------+------+----------+
3 rows in set (0.00 sec)

2.Insert values in STUDENT table

mysql> INSERT INTO STUDENT VALUES(1,'ANN',21,'ABC','f'),(2,'PETER',23,'HGJ','m'),(3,'MICHAEL',22,'YHT','m'),(4,'ROSIE',22,'LKJ','f');
Query OK, 4 rows affected (0.02 sec)
Records: 4  Duplicates: 0  Warnings: 0

mysql> select * from STUDENT;
+---------+---------+------+---------+--------+
| roll_no | name    | age  | address | gender |
+---------+---------+------+---------+--------+
|       1 | ANN     |   21 | ABC     | f      |
|       2 | PETER   |   23 | HGJ     | m      |
|       3 | MICHAEL |   22 | YHT     | m      |
|       4 | ROSIE   |   22 | LKJ     | f      |
+---------+---------+------+---------+--------+
4 rows in set (0.00 sec)


3.Insert values in INVOICE database. 


mysql> insert into Customer values(101,'ameena','konot','karanthur','9876545678'),(102,'aleena','cheruthod','mukkam','9898765678'),(103,'ramsi','chelavoor','karanthur','9879876543'),(104,'salha','chakalakal','kunnamangalam','9765976887'),(105,'aleefa','chennamnagallur','mukkam','8593938312'),(106,'basith','feroke','calicut','8593922345'),(107,'sabith','thalaperumanna','kettangal','9753468765');
Query OK, 7 rows affected (0.06 sec)
Records: 7  Duplicates: 0  Warnings: 0

mysql> select * from Customer;
+-----+--------+-----------------+---------------+------------+
| id  | name   | address         | city          | ph_no      |
+-----+--------+-----------------+---------------+------------+
| 101 | ameena | konot           | karanthur     | 9876545678 |
| 102 | aleena | cheruthod       | mukkam        | 9898765678 |
| 103 | ramsi  | chelavoor       | karanthur     | 9879876543 |
| 104 | salha  | chakalakal      | kunnamangalam | 9765976887 |
| 105 | aleefa | chennamnagallur | mukkam        | 8593938312 |
| 106 | basith | feroke          | calicut       | 8593922345 |
| 107 | sabith | thalaperumanna  | kettangal     | 9753468765 |
+-----+--------+-----------------+---------------+------------+
7 rows in set (0.00 sec)

mysql> delete from Customer where id=104;
Query OK, 1 row affected (0.04 sec)


mysql> insert into Customer(id,name,address,city) values(104,'salha','chakalakal','kunnamangalam');
Query OK, 1 row affected (0.05 sec)

mysql> select * from Customer;
+-----+--------+-----------------+---------------+------------+
| id  | name   | address         | city          | ph_no      |
+-----+--------+-----------------+---------------+------------+
| 101 | ameena | konot           | karanthur     | 9876545678 |
| 102 | aleena | cheruthod       | mukkam        | 9898765678 |
| 103 | ramsi  | chelavoor       | karanthur     | 9879876543 |
| 104 | salha  | chakalakal      | kunnamangalam | NULL       |
| 105 | aleefa | chennamnagallur | mukkam        | 8593938312 |
| 106 | basith | feroke          | calicut       | 8593922345 |
| 107 | sabith | thalaperumanna  | kettangal     | 9753468765 |
+-----+--------+-----------------+---------------+------------+
7 rows in set (0.00 sec)




mysql> insert into Product(1,'book',45),(2,'box',60),(3,'soap',100),(4,'cream',250),(5,'pen',10),(6,'chocolate',100),(7,'maggie',75);
ERROR 1064 (42000): You have an error in your SQL syntax; check the manual that corresponds to your MySQL server version for the right syntax to use near '1,'book',45),(2,'box',60),(3,'soap',100),(4,'cream',250),(5,'pen',10),(6,'chocol' at line 1
mysql> insert into Product values(1,'book',45),(2,'box',60),(3,'soap',100),(4,'cream',250),(5,'pen',10),(6,'chocolate',100),(7,'maggie',75);
Query OK, 7 rows affected (0.04 sec)
Records: 7  Duplicates: 0  Warnings: 0

mysql> select * from Product;
+-----+-----------+-------+
| pid | pname     | price |
+-----+-----------+-------+
|   1 | book      |    45 |
|   2 | box       |    60 |
|   3 | soap      |   100 |
|   4 | cream     |   250 |
|   5 | pen       |    10 |
|   6 | chocolate |   100 |
|   7 | maggie    |    75 |
+-----+-----------+-------+
7 rows in set (0.00 sec)



mysql> insert into invoice_master values(10,102,'2023-10-12');
Query OK, 1 row affected (0.04 sec)
mysql> insert into invoice_master values(11,103,'2023-10-12');
Query OK, 1 row affected (0.04 sec)

mysql> insert into invoice_master values(13,105,'2023-10-14');
Query OK, 1 row affected (0.06 sec)


mysql> insert into invoice_master values(14,106,'2023-10-14');
Query OK, 1 row affected (0.04 sec)

mysql> insert into invoice_master values(15,106,'2023-10-14');
Query OK, 1 row affected (0.05 sec)

mysql> insert into invoice_master values(15,105,'2023-10-14');
ERROR 1062 (23000): Duplicate entry '15' for key 'PRIMARY'
mysql> insert into invoice_master values(16,105,'2023-10-14');
Query OK, 1 row affected (0.04 sec)

mysql> insert into invoice_master values(17,101,'2023-10-15');
Query OK, 1 row affected (0.04 sec)

mysql> insert into invoice_master values(18,107,'2023-11-01');
Query OK, 1 row affected (0.04 sec)

mysql> insert into invoice_master values(19,104,'2023-11-01');
Query OK, 1 row affected (0.04 sec)

mysql> select * from invoice_master;
+--------+------+------------+
| inv_id | id   | inv_date   |
+--------+------+------------+
|     10 |  102 | 2023-10-12 |
|     11 |  103 | 2023-10-12 |
|     13 |  105 | 2023-10-14 |
|     14 |  106 | 2023-10-14 |
|     15 |  106 | 2023-10-14 |
|     16 |  105 | 2023-10-14 |
|     17 |  101 | 2023-10-15 |
|     18 |  107 | 2023-11-01 |
|     19 |  104 | 2023-11-01 |
+--------+------+------------+
9 rows in set (0.00 sec)

mysql> delete from invoice_master where inv_id=19;
Query OK, 1 row affected (0.04 sec)

mysql> select * from invoice_master;
+--------+------+------------+
| inv_id | id   | inv_date   |
+--------+------+------------+
|     10 |  102 | 2023-10-12 |
|     11 |  103 | 2023-10-12 |
|     13 |  105 | 2023-10-14 |
|     14 |  106 | 2023-10-14 |
|     15 |  106 | 2023-10-14 |
|     16 |  105 | 2023-10-14 |
|     17 |  101 | 2023-10-15 |
|     18 |  107 | 2023-11-01 |
+--------+------+------------+
8 rows in set (0.00 sec)

mysql>  insert into invoice_item values
    -> (10,2,3);
Query OK, 1 row affected (0.04 sec)

mysql> insert into invoice_item values (10,1,7);
Query OK, 1 row affected (0.04 sec)

mysql> insert into invoice_item values (15,6,3);
Query OK, 1 row affected (0.03 sec)

mysql> insert into invoice_item values (16,7,2);
Query OK, 1 row affected (0.03 sec)


mysql> insert into invoice_item values (13,4,2);
Query OK, 1 row affected (0.04 sec)

mysql> insert into invoice_item values (14,5,2);
Query OK, 1 row affected (0.04 sec)

mysql> insert into invoice_item values (15,7,2);
Query OK, 1 row affected (0.04 sec)

mysql> insert into invoice_item values (15,6,5);
Query OK, 1 row affected (0.04 sec)

mysql> insert into invoice_item values (17,2,4);
Query OK, 1 row affected (0.05 sec)

mysql> select * from invoice_item;
+--------+------+----------+
| inv_id | pid  | quantity |
+--------+------+----------+
|     10 |    2 |        3 |
|     10 |    1 |        7 |
|     15 |    6 |        3 |
|     16 |    7 |        2 |
|     13 |    4 |        2 |
|     14 |    5 |        2 |
|     15 |    7 |        2 |
|     15 |    6 |        5 |
|     17 |    2 |        4 |
+--------+------+----------+
9 rows in set (0.00 sec)





