                                                    TCL AND DCL COMMANDS
                                                    ********************



a) TCL COMMANDS
----------------

1.Commit 


mysql> SET AUTOCOMMIT=OFF;
Query OK, 0 rows affected (0.00 sec)

mysql> select * from EMPLOYEE;
+------+--------+----------+------+----------+
| SSN  | name   | city     | dob  | adhar_no |
+------+--------+----------+------+----------+
|    1 | MARIA  | KOCHI    | 1992 |    12347 |
|    2 | ADAM   | MUMBAI   | 1995 |    12456 |
|    3 | ROSLIN | BANGLORE | 1999 |    45678 |
|    4 | JACOB  | DELHI    | 1998 |    34567 |
+------+--------+----------+------+----------+
4 rows in set (0.00 sec)

mysql> INSERT INTO EMPLOYEE VALUES(5,'ALICE','JAIPUR',1999,34985);
Query OK, 1 row affected (0.00 sec)

mysql> COMMIT;
Query OK, 0 rows affected (0.04 sec)

mysql> select * from EMPLOYEE;
+------+--------+----------+------+----------+
| SSN  | name   | city     | dob  | adhar_no |
+------+--------+----------+------+----------+
|    1 | MARIA  | KOCHI    | 1992 |    12347 |
|    2 | ADAM   | MUMBAI   | 1995 |    12456 |
|    3 | ROSLIN | BANGLORE | 1999 |    45678 |
|    4 | JACOB  | DELHI    | 1998 |    34567 |
|    5 | ALICE  | JAIPUR   | 1999 |    34985 |
+------+--------+----------+------+----------+
5 rows in set (0.00 sec)
        
        ****************************************************************************************************************************************************
        

2.Rollback

mysql> select * from EMPLOYEE;
+------+--------+----------+------+----------+
| SSN  | name   | city     | dob  | adhar_no |
+------+--------+----------+------+----------+
|    1 | MARIA  | KOCHI    | 1992 |    12347 |
|    2 | ADAM   | MUMBAI   | 1995 |    12456 |
|    3 | ROSLIN | BANGLORE | 1999 |    45678 |
|    4 | JACOB  | DELHI    | 1998 |    34567 |
|    5 | ALICE  | JAIPUR   | 1999 |    34985 |
+------+--------+----------+------+----------+
5 rows in set (0.01 sec)

mysql> INSERT INTO EMPLOYEE VALUES(6,'BOB','DELHI',1992,37680);
Query OK, 1 row affected (0.00 sec)

mysql> ROLLBACK;
Query OK, 0 rows affected (0.06 sec)

mysql> select * from EMPLOYEE;
+------+--------+----------+------+----------+
| SSN  | name   | city     | dob  | adhar_no |
+------+--------+----------+------+----------+
|    1 | MARIA  | KOCHI    | 1992 |    12347 |
|    2 | ADAM   | MUMBAI   | 1995 |    12456 |
|    3 | ROSLIN | BANGLORE | 1999 |    45678 |
|    4 | JACOB  | DELHI    | 1998 |    34567 |
|    5 | ALICE  | JAIPUR   | 1999 |    34985 |
+------+--------+----------+------+----------+
5 rows in set (0.00 sec)

        *******************************************************************************************************************************************************

 3.Savepoint


mysql> INSERT INTO EMPLOYEE VALUES(6,'BOB','DELHI',1992,37680);
Query OK, 1 row affected (0.00 sec)

mysql> SAVEPOINT S1;
Query OK, 0 rows affected (0.00 sec)

mysql> COMMIT;
Query OK, 0 rows affected (0.04 sec)

mysql> INSERT INTO EMPLOYEE VALUES(7,'BOBY','KOCHI',1991,78900);
Query OK, 1 row affected (0.00 sec)

mysql> SAVEPOINT S2;
Query OK, 0 rows affected (0.00 sec)

mysql> INSERT INTO EMPLOYEE VALUES(8,'MILY','CALICUT',1990,98911);
Query OK, 1 row affected (0.00 sec)

mysql> SAVEPOINT S3;
Query OK, 0 rows affected (0.00 sec)

mysql> select * from EMPLOYEE;
+------+--------+----------+------+----------+
| SSN  | name   | city     | dob  | adhar_no |
+------+--------+----------+------+----------+
|    1 | MARIA  | KOCHI    | 1992 |    12347 |
|    2 | ADAM   | MUMBAI   | 1995 |    12456 |
|    3 | ROSLIN | BANGLORE | 1999 |    45678 |
|    4 | JACOB  | DELHI    | 1998 |    34567 |
|    5 | ALICE  | JAIPUR   | 1999 |    34985 |
|    6 | BOB    | DELHI    | 1992 |    37680 |
|    7 | BOBY   | KOCHI    | 1991 |    78900 |
|    8 | MILY   | CALICUT  | 1990 |    98911 |
+------+--------+----------+------+----------+
8 rows in set (0.00 sec)


mysql> ROLLBACK TO S2;
Query OK, 0 rows affected (0.00 sec)

mysql> select * from EMPLOYEE;
+------+--------+----------+------+----------+
| SSN  | name   | city     | dob  | adhar_no |
+------+--------+----------+------+----------+
|    1 | MARIA  | KOCHI    | 1992 |    12347 |
|    2 | ADAM   | MUMBAI   | 1995 |    12456 |
|    3 | ROSLIN | BANGLORE | 1999 |    45678 |
|    4 | JACOB  | DELHI    | 1998 |    34567 |
|    5 | ALICE  | JAIPUR   | 1999 |    34985 |
|    6 | BOB    | DELHI    | 1992 |    37680 |
|    7 | BOBY   | KOCHI    | 1991 |    78900 |
+------+--------+----------+------+----------+
7 rows in set (0.00 sec)


---------------------------------------------------------------------------------------------------------------------------------------------------------

B)DCL COMMANDS
--------------

 Create two users user1, user2
 1.GRANT
    ->Give insert and select privilege to user 1 on customer table in the invoice database.
    ->Give update and delete privilege to user 2 on all tables in the invoice database.
    
mysql> create user 'user1'@'localhost' identified by 'user1';
Query OK, 0 rows affected (0.04 sec)

mysql> create user 'user2'@'localhost' identified by 'user2';
Query OK, 0 rows affected (0.00 sec)

mysql> GRANT SELECT,INSERT ON Customer TO 'user1'@'localhost';
Query OK, 0 rows affected (0.01 sec)


mysql> show grants;
+---------------------------------------------------------------------+
| Grants for user1@localhost                                          |
+---------------------------------------------------------------------+
| GRANT USAGE ON *.* TO 'user1'@'localhost'                           |
| GRANT SELECT, INSERT ON `INVOICE`.`Customer` TO 'user1'@'localhost' |
+---------------------------------------------------------------------+
2 rows in set (0.00 sec)


mysql> GRANT DELETE,UPDATE ON INVOICE.* TO 'user2'@'localhost';
Query OK, 0 rows affected (0.00 sec)

mysql> show grants;
+------------------------------------------------------------+
| Grants for user2@localhost                                 |
+------------------------------------------------------------+
| GRANT USAGE ON *.* TO 'user2'@'localhost'                  |
| GRANT UPDATE, DELETE ON `INVOICE`.* TO 'user2'@'localhost' |
+------------------------------------------------------------+
2 rows in set (0.00 sec)

********************************************************************************************************************************************************
 2.REVOKE
      ->Remove delete privilege of user 
      
mysql> revoke delete on INVOICE. * FROM 'user2'@'localhost';
Query OK, 0 rows affected (0.00 sec)

mysql> SHOW GRANTS;
+----------------------------------------------------+
| Grants for user2@localhost                         |
+----------------------------------------------------+
| GRANT USAGE ON *.* TO 'user2'@'localhost'          |
| GRANT UPDATE ON `INVOICE`.* TO 'user2'@'localhost' |
+----------------------------------------------------+
2 rows in set (0.00 sec)

    





